id;id_organisme;nom_organisme;adresse_organisme;phone_organisme;courriel_organisme
1;19808;Fantastic Granite Table;port Quetzal Quality;maximized Ergonomic;Optional deposit
2;74600;Personal Loan Account;Checking Account definition green;Representative scale Jewelery;Honduras Frozen National
3;197;out-of-the-box;Awesome Small;Frozen project;Dynamic South Dakota system
4;88892;tan Qatar;challenge Expanded Central;e-business asymmetric Trail;Home Loan Account
5;36431;Producer Associate Cheese;input Assimilated Health;Handmade haptic;transmitting Corporate portal
6;71089;policy Planner neural;Papua New Guinea Nebraska;Dynamic Home Loan Account;Unbranded Frozen Tuna
7;91492;Steel Regional;cross-media generating;Fresh;invoice multi-byte
8;45994;solution-oriented mission-critical;extranet;British Indian Ocean Territory (Chagos Archipelago);hack Steel
9;67120;reinvent parsing Shirt;calculating;Cambridgeshire;supply-chains RAM
10;34125;withdrawal deposit turn-key;architectures;Quality North Carolina;Pound Sterling Engineer Metal
